"","OR","2.5 %","97.5 %"
"(Intercept)",0.123037692516696,0.104596578139548,0.144696848932194
"country_of_originChina",0.436144881249132,0.414431132115935,0.458970945139407
"country_of_originGermany",2.59227789008278,2.45275120108764,2.74001210070649
"country_of_originIndia",0.17074435440859,0.161584587880278,0.180399263055471
"country_of_originNigeria",0.984415537976345,0.935232928605946,1.03618383671306
"country_of_originPakistan",0.427260041085845,0.405961475671072,0.449650596170607
"country_of_originUSA",0.162881966318427,0.154130839266716,0.172106397794574
"country_of_originVietnam",2.69940143365055,2.55448382040688,2.85282040833947
"education_levelDiploma",0.78987679194674,0.76009864165208,0.820803826336857
"education_levelMaster's",4.16546174149884,4.02863976634729,4.30723458466955
"education_levelPhD",9.48405336556564,9.02086049868375,9.97360017704746
"field_of_studyBusiness",1.01181043686016,0.966177970772687,1.05959859332785
"field_of_studyEngineering",6.39284580739514,6.10077112312048,6.69963287236329
"field_of_studyHealth",5.01908910830199,4.78471512065392,5.26546287258758
"field_of_studyIT",6.36461480393895,6.07235851224116,6.67166950242692
"field_of_studySocial Sciences",1.28704149014643,1.22773969862917,1.34922400486777
"language_proficiencyBasic",0.175466353100055,0.16735454330363,0.183945597491944
"language_proficiencyFluent",2.15555893804327,2.08164759974388,2.23218727600805
"language_proficiencyIntermediate",0.3008195305238,0.290341634807142,0.31165868912615
"visa_typePost-study",1.02274853984741,0.973084819727368,1.07493237456913
"visa_typeStudent",1.0236994330347,0.975494794567256,1.07427001892721
"visa_typeWork Visa",1.01799240147509,0.965605631636959,1.07321092450008
"genderMale",0.992664860642253,0.965463961922559,1.020631992881
"genderOther",0.966818382709374,0.901969869167556,1.0363863936208
"university_rankingLow",0.148395334274991,0.142914298224774,0.154073576550541
"university_rankingMedium",0.233770387820778,0.226466357043127,0.241296591405878
"region_of_studyCanada",5.47960500025532,5.27424938956137,5.69342600880562
"region_of_studyEU",6.1861800857547,5.95726430053946,6.42444825615054
"region_of_studyUK",0.666879524786434,0.640735704185946,0.694069027173746
"age",0.999262723851626,0.996645030564213,1.00188725811772
"years_since_graduation",0.901181647760945,0.896895516583877,0.905483795266161
"gpa",1.57684899202092,1.52584833701672,1.62968616280466
"internship_experienceYes",1.7413997979043,1.69238965517242,1.79186434024821
