metric,value
original_rows,300000
duplicate_rows,16
final_rows,299984
columns,15
missing_values,143340
missing_by_column,"{'country_of_origin': 0, 'education_level': 0, 'field_of_study': 0, 'language_proficiency': 0, 'visa_type': 0, 'gender': 0, 'university_ranking': 0, 'region_of_study': 0, 'age': 0, 'years_since_graduation': 0, 'gpa': 0, 'internship_experience': 0, 'employment_status': 0, 'salary': 0, 'job_sector': 143340}"
missing_value_note,"Job sector is missing for non-employed graduates, consistent with a post-employment outcome variable; values were retained and not imputed."
suspicious_values,"{'age_out_of_range': 0, 'years_since_graduation_negative': 0, 'gpa_out_of_range': 0, 'salary_negative': 0}"
dtypes,"{'country_of_origin': 'string', 'education_level': 'string', 'field_of_study': 'string', 'language_proficiency': 'string', 'visa_type': 'string', 'gender': 'string', 'university_ranking': 'string', 'region_of_study': 'string', 'age': 'int64', 'years_since_graduation': 'int64', 'gpa': 'float64', 'internship_experience': 'string', 'employment_status': 'string', 'salary': 'int64', 'job_sector': 'string'}"
categorical_levels,"{'country_of_origin': 8, 'education_level': 4, 'field_of_study': 6, 'language_proficiency': 4, 'visa_type': 4, 'gender': 3, 'university_ranking': 3, 'region_of_study': 4, 'internship_experience': 2, 'employment_status': 3, 'job_sector': 8}"
ranges,"{'age': {'min': 22.0, 'max': 39.0}, 'years_since_graduation': {'min': 0.0, 'max': 9.0}, 'gpa': {'min': 1.0, 'max': 4.0}, 'salary': {'min': 0.0, 'max': 118115.0}}"
