education_level,employment_status,n,percentage
Bachelor's,Continuing Education,36713,30.558260710332025
Bachelor's,Employed,40377,33.60801058755962
Bachelor's,Unemployed,43051,35.83372870210836
Diploma,Continuing Education,9234,30.805671392827357
Diploma,Employed,9939,33.15763135946622
Diploma,Unemployed,10802,36.03669724770642
Master's,Continuing Education,20053,19.093912761966426
Master's,Employed,74573,71.0063509897832
Master's,Unemployed,10397,9.899736248250383
PhD,Continuing Education,8615,19.205047037317758
PhD,Employed,31755,70.7900485977975
PhD,Unemployed,4488,10.004904364884748
P