language_proficiency,employment_status,n,percentage
Advanced,Continuing Education,16969,18.831219274006504
Advanced,Employed,64281,71.33535306455371
Advanced,Unemployed,8861,9.83342766143978
Basic,Continuing Education,18469,30.84283829595364
Basic,Employed,19952,33.31941684340609
Basic,Unemployed,21460,35.83774486064027
Fluent,Continuing Education,11531,19.258776764538865
Fluent,Employed,42524,71.02248054247252
Fluent,Unemployed,5819,9.71874269298861
Intermediate,Continuing Education,27646,30.673131331062564
Intermediate,Employed,29887,33.159512265480245
Intermediate,Unemployed,32598,36.16735640345719
